fpl_player_id,fpl_full_name,understat_name,fbref_name,notes
,Heung-Min Son,Son Heung-Min,Son Heung-min,Reverse name order
,Hee-Chan Hwang,Hwang Hee-Chan,Hwang Hee-chan,Reverse name order
,Rodrigo 'Rodri' Hernandez Cascante,Rodrigo,Rodri,FPL nickname in quotes
,Rodrigo Hernandez,Rodrigo,Rodri,Mononym vs full forename
,Carlos Henrique Casimiro,Casemiro,Casemiro,Brazilian mononym
,Alisson Becker,Alisson,Alisson,Brazilian mononym
,Alisson Ramses Becker,Alisson,Alisson,Brazilian mononym
,Ederson Santana de Moraes,Ederson,Ederson Moraes,Brazilian mononym
,Ederson Moraes,Ederson,Ederson Moraes,Brazilian mononym
,Richarlison de Andrade,Richarlison,Richarlison,Brazilian mononym
,Gabriel dos Santos Magalhães,Gabriel,Gabriel Magalhães,Mononym vs full surname
,Gabriel Fernando de Jesus,Gabriel Jesus,Gabriel Jesus,Full Brazilian name
,Gabriel Martinelli Silva,Gabriel Martinelli,Gabriel Martinelli,Full Brazilian name
,Bruno Guimarães Rodriguez Moura,Bruno Guimaraes,Bruno Guimarães,Composite surname
,João Pedro Junqueira de Jesus,Joao Pedro,João Pedro,Diacritics and composite forename
,Matheus Santos Carneiro da Cunha,Matheus Cunha,Matheus Cunha,Shortened nickname
,Kepa Arrizabalaga Revuelta,Kepa,Kepa Arrizabalaga,Spanish double surname
,David Raya Martín,David Raya,David Raya,Spanish double surname
,Benjamin White,Ben White,Ben White,Diminutive forename
,Matty Cash,Matthew Cash,Matty Cash,Diminutive forename
,Emiliano Martínez Romero,Emiliano Martinez,Emiliano Martínez,Spanish double surname
,Alexandre Moreno Lopera,Alex Moreno,Álex Moreno,Spanish double surname
,Emerson Leite de Souza Junior,Emerson,Emerson Royal,Brazilian nickname
,Danilo dos Santos de Oliveira,Danilo,Danilo,Brazilian mononym
,Norberto Bercique Gomes Neto,Neto,Neto,Portuguese mononym
,Pedro Lomba Neto,Pedro Neto,Pedro Neto,Portuguese compound name
,Joelinton Cássio Apolinário de Lira,Joelinton,Joelinton,Brazilian mononym
,Antony Matheus dos Santos,Antony,Antony,Brazilian mononym
,Sávio Moreira de Oliveira,Savinho,Savinho,Brazilian nickname
,Igor Thiago Nascimento Rodrigues,Igor Thiago,Igor Thiago,Brazilian compound name
,Pervis Estupiñán Tenorio,Pervis Estupinan,Pervis Estupiñán,Ecuadorian double surname
,Bernardo Mota Veiga de Carvalho e Silva,Bernardo Silva,Bernardo Silva,Portuguese compound surname
,Ruben dos Santos Gato Alves Dias,Ruben Dias,Rúben Dias,Portuguese compound surname
,Diogo José Teixeira da Silva,Diogo Jota,Diogo Jota,Portuguese football nickname
,Lucas Tolentino Coelho de Lima,Lucas Paqueta,Lucas Paquetá,Brazilian nickname
,Murillo Santiago Costa dos Santos,Murillo,Murillo,Brazilian mononym
,Rodrigo Muniz Carvalho,Rodrigo Muniz,Rodrigo Muniz,Brazilian compound name
,Andreas Hoelgebaum Pereira,Andreas Pereira,Andreas Pereira,Compound surname
,Matheus Luiz Nunes,Matheus Nunes,Matheus Nunes,Compound name
,Benoît Badiashile Mukinayi,Benoit Badiashile,Benoît Badiashile,French compound name
,Pape Matar Sarr,Pape Sarr,Pape Matar Sarr,Senegalese compound name
,Ollie Watkins,Oliver Watkins,Ollie Watkins,Diminutive forename
,Bobby De Cordova-Reid,Bobby Reid,Bobby De Cordova-Reid,Compound surname
,Martin Ødegaard,Martin Odegaard,Martin Ødegaard,Transliteration
,Jurriën Timber,Jurrien Timber,Jurriën Timber,Diacritics
